city_id,city_name,country_name,state_name,population,area,is_state_capital,is_country_capital,other_names,continent_name,GWCR_ranking,population_acc_to_year
1,Jakarta,Indonesia,Province,"10,562,088",740,0,1,the Big Durian,Asia,alpha,2019
2,Mumbai,India,Maharashtra,"18,414,288",603,1,0,"Kakamuchee, Galajunkja",Asia,alpha,2019
3,Guangzhou,China,Guangdong,"15,305,900","7,434",1,0,"Kwangchow, Kuang-chou",Asia,alpha-,2019
4,Cairo,Egypt,Cairo Governorate,"9,539,673",453,0,1,none,Africa,beta+,2019
5,Kolkata,India,West Bengal,"4,496,694",205,0,0,none,Asia,gama+,2019
6,Shenzhen,China,Guangdong,"12,591,696","2,050",0,0,Sham Chun,Asia,alpha-,2019
7,Dhaka,Bangladesh,Dhaka,"8,906,039",816,0,1,none,Asia,beta-,2019
8,Lagos,Nigeria,Lagos State,"7,937,932","1,000",0,1,none,Africa,beta-,2019
9,Karachi,Pakistan,Sindh,"14,910,352","3,527",0,1,none,Asia,beta,2019
10,Bengaluru,India,Karnataka,"8,425,970",741,1,0,none,Asia,alpha-,2019
11,Tehran,Iran,Tehran Province,"12,223,598",686,0,1,none,Asia,none,2019
12,Kinshasa,Democratic Republic of the Congo,none,"17,071,000","9,965",0,1,Zaire,Africa,none,2019
13,Ho Chi Minh City,Vietnam,none,"8,993,082","2,095",1,0,none,Asia,beta,2019
14,Nanyang,China,Henan,"10,031,600","26,591",0,0,Great Golden Peninsula,Asia,none,2019
15,Chennai,India,Tamil Nadu,"7,088,000",426,1,0,Madras,Asia,beta,2019
16,Chengdu,China,Sichuan,"16,330,000","14,378",1,0,none,Asia,beta+,2019
17,Lahore,Pakistan,province,"11,126,285","1,172",1,0,"The Heart of Pakistan, Paris of the East, City of Gardens",Asia,beta-,2019
18,Linyi,China,Shandong,"10,667,100","17,186",0,0,none,Asia,none,2019
19,Tianjin,China,none,"13,866,009","82,300",0,1,Tienesin,Asia,beta,2019
20,Shijiazhuang,China,Hebei,"11,031,200","15,849",0,0,Shimen,Asia,none,2019
21,Baoding,China,Hebei,"1,665,360","22,185",0,0,"Qingyuan, Baozhou",Asia,none,2019
22,Zhoukou,China,Henan,"8,662,200","11,959",0,0,none,Asia,none,2019
23,Lima,Peru,Lima Region,"7,605,742","2,672",0,1,The City of Kings,South America,beta+,2019
24,Hyderabad,India,Telangana,"6,809,970",922,1,0,none,Asia,beta-,2019
25,Bogota,Colombia,none,"7,412,566","1,587",0,1,none,South America,none,2019
26,Weifang,China,Shandong,"9,086,241","15,829",0,0,none,Asia,none,2019
27,Nagoya,Japan,Aichi Prefecture,"2,327,557",326,0,0,none,Asia,gama-,2019
28,Wuhan,China,Hubei,"4,593,410","8,494",1,0,Caozhou,Asia,beta-,2019
29,Heze,China,Shandong,"8,781,700","12,239",0,0,none,Asia,none,2019
30,Ganzhou,China,Jiangxi,"8,368,447","39,380",1,0,none,Asia,none,2019
31,Tongshan,China,Province,"1,91,000","2,004",0,0,none,Asia,none,2019
32,Handan,China,Hebei,"9,433,000","12,087",1,0,none,Asia,none,2019
33,Luanda,Angola,Luanda,"2,571,861",113,0,1,none,Africa,gama-,2019
34,Kuala Lumpur,Malaysia,Selangor,"1,790,000",243,0,1,none,Asia,alpha,2019
35,Jining,China,Shandong,"8,081,905","11,285",0,0,Chi-ning,Asia,none,2019
36,Dongguan,China,Guangdong,"8,220,207","2,465",0,0,the Eastern Amsterdam,Asia,none,2019
37,Hanoi,Vietnam,none,"8,053,663","3,345",1,0,none,Asia,beta,2019
38,Pune,India,Maharashtra,"3,115,431",700,0,0,Queen of the Deccan,Asia,gama+,2019
39,Chongqing,China,Sichuan Province,"32,054,159","82,300",0,0,Prince Gong,Asia,beta,2019
40,Changchun,China,Jilin,"7,674,439","20,532",1,0,none,Asia,none,2019
41,Zhumadian,China,Henan,"7,045,800","15,083",0,0,none,Asia,none,2019
42,Ningbo,China,Zhejiang,"8,202,000","9,816",0,0,Mingzhou,Asia,none,2019
43,Onitsha,Nigeria,Anambra State,"1,498,563",36,0,0,none,Africa,none,2019
44,Nanjing,China,Shanghai,"8,505,500","6,598",1,0,Zhou dynasty,Asia,beta,2019
45,Hefei,China,Anhui,"7,965,300","11,323",1,0,none,Asia,gama+,2019
46,Ahmedabad,India,Gujarat,"5,570,585",464,1,0,none,Asia,gama+,2019
47,Khartoum,Sudan,Khartoum,"639,598","1,010",0,1,none,Africa,none,2019
48,Nantong,China,Jiangsu,"7,282,835","8,544",1,0,Tongzhou,Asia,none,2019
49,Yancheng,China,Jiangsu,"7,200,000","16,921",0,0,Salt City,Asia,none,2019
50,Foshan,China,Guangdong,"7,197,394","3,814",0,0,Fatshan,Asia,none,2019
51,Nanning,China,Guangxi,"7,254,100","22,189",1,0,Green City,Asia,none,2019
52,Hengyang,China,Hunan,"7,141,462","15,279",0,0,Wild Goose City,Asia,none,2019
53,Xi'an,China,Shaanxi,"8,467,838","9,983",0,0,sian,Asia,none,2019
54,Shenyang,China,Liaoning,"8,294,171","12,942",1,0,Fengtian,Asia,beta-,2019
55,Tangshan,China,Hebei,"7,536,521","13,472",0,1,none,Asia,none,2019
56,Changsha,China,Hunan,"8,154,700","11,819",1,0,none,Asia,beta-,2019
57,Santiago,Chile,Sichuan Province,"6,269,384",641,0,1,"San Iago, San Tiago, Santyago, Sant-Yago, San Thiago",Asia,alpha-,2019
58,Zhengzhou,China,Henan,"10,352,000","7,507",1,0,Guanzhou,Asia,beta-,2019
59,Zhanjiang,China,Guangdong,"6,994,832","12,490",0,0,none,Asia,none,2019
60,Cangzhou,China,Hebei,"443,561","13,419",0,0,none,Asia,none,2019
61,Dar es Salaam,Tanzania,none,"4,364,541","1,591",1,0,none,Africa,gama+,2019
62,Maoming,China,Guangdong,"5,817,494","11,458",0,0,none,Asia,none,2019
63,Huanggang,China,Hubei,"6,162,069","9,861",0,0,none,Asia,none,2019
64,Xinyang,China,Henan,"6,463,900","18,293",0,0,Hsin-yang,Asia,none,2019
65,Shangrao,China,Jiangxi,"6,579,747","22,791",0,0,none,Asia,none,2019
66,Luoyang,China,Henan,"6,888,500","15,492",0,1,Dongdu,Asia,none,2019
67,Bijie,China,Guizhou,"6,536,370","26,853",0,0,none,Asia,none,2019
68,Yantai,China,Shandong,"6,968,202","13,740",0,0,none,Asia,none,2019
69,Quanzhou,China,Fujian,"8,128,530","11,245",1,0,Zayton,Asia,none,2019
70,Hangzhou,China,Zhejiang,"10,360,000","16,847",0,0,none,Asia,beta,2019
71,Kunming,China,Yunnan,"6,626,000","21,501",1,0,none,Asia,gama+,2019
72,Nanchong,China,Sichuan,"6,278,614","12,479",0,0,none,Asia,none,2019
73,Zunyi,China,Guizhou,"6,127,009","30,763",1,0,Tsun-i,Asia,none,2019
74,Lu'an,China,Anhui,"5,611,701","18,141",0,0,City of Gao,Asia,none,2019
75,Yichun,China,Heilongjiang,"1,148,126","39,017",0,0,none,Asia,none,2019
76,Taizhou,China,Zhejiang,"5,968,838","9,413",0,0,Lindu,Asia,none,2019
77,Liaocheng,China,Shandong,"6,098,300","8,715",1,0,Water City,Asia,none,2019
78,Qujing,China,Yunnan,"648,956","28,904",0,0,none,Asia,none,2019
79,Xiangyang,China,Hubei,"5,500,307","19,700",0,0,none,Asia,none,2019
80,Surat,India,Gujarat,"4,462,002",327,1,0,"silk city, green city",Asia,none,2019
81,Baghdad,Iraq,none,"7,216,040",204,0,1,none,Asia,none,2019
82,Qingdao,China,Shandong,"9,046,200","11,026",0,0,none,Asia,none,2019
83,Changde,China,Hunan,"5,714,623","2,749",0,0,none,Asia,none,2019
84,Dazhou,China,Sichuan,"5,468,097","16,591",0,0,Tongzhou,Asia,none,2019
85,Jieyang,China,Guangdong,"5,877,025","5,241",0,0,Hanyu Pinyin,Asia,none,2019
86,Nairobi,Kenya,Nairobi,"4,397,073",696,1,0,none,Africa,beta,2019
87,Ankara,Turkey,Ankara,"5,663,322","24,521",0,1,none,Europe,gama,2019
88,Tai'an,China,Shandong,"5,635,000","7,761",0,0,none,Asia,none,2019
89,Yulin,China,Shaanxi,"8,14,000","43,578",0,0,none,Asia,none,2019
90,Dezhou,China,Shandong,"5,748,500","10,356",1,0,none,Asia,none,2019
91,Yangon,Myanmar,Yangon Region,"4,088,000",599,0,0,Rangoon,Asia,none,2019
92,Suihua,China,Heilongjiang,"5,416,439","35,211",0,0,none,Asia,none,2019
93,Qiqihar,China,Heilongjiang,"5,367,003","42,469",1,0,Tsitsihar,Asia,none,2019
94,Jinhua,China,Zhejiang,"5,361,572","10,916",0,0,Kinhwa,Asia,none,2019
95,Shantou,China,Guangdong,"5,389,328","2,064",0,0,Santow,Asia,none,2019
96,Weinan,China,Shaanxi,"5,520,772","13,134",0,0,none,Asia,none,2019
97,Suqian,China,Jiangsu,"4,719,178","8,555",0,0,none,Asia,none,2019
98,Guadalajara,Mexico,Jalisco,"1,460,148",150,1,0,none,North America,gama+,2019
99,Suzhou,China,Jiangsu,"10,721,700","8,488",0,0,none,Asia,gama+,2019
100,Fuzhou,China,Fujian,"7,740,000","12,177",1,0,none,Asia,gama-,2019
101,Zhaotong,China,Yunnan,"5,459,000","23,192",0,0,none,Asia,none,2019
102,Pudong,China,Shanghai,"5,599,600","1,210",0,0,none,Asia,none,2019
103,Yongzhou,China,Hunan,"5,180,200","2,244",0,0,Lingling,Asia,none,2019
104,Belo Horizonte,Brazil,Minas Gerais,"2,721,564",331,0,0,none,South America,gama-,2019
105,Bozhou,China,Anhui,"4,850,657","8,394",0,0,none,Asia,none,2019
106,Nanchang,China,Jiangxi,"5,042,565","7,372",1,0,the city of Heroes,Asia,none,2019
107,Xianyang,China,Shaanxi,"5,096,001","10,213",0,0,marxian,Asia,none,2019
108,Surabaya,Indonesia,East Java,"2,898,240",375,0,0,Javanese,Asia,none,2019
109,Abidjan,Ivory Coast,Abidjan,"3,677,115","2,119",1,0,Manhattan of the tropics,Africa,none,2019
110,Jian,Iran,Fars,"435,000","2,004",0,0,none,Asia,none,2019
111,Mianyang,China,Sichuan,"4,613,871","20,000",0,0,none,Asia,none,2019
112,Shaoxing,China,Zhejiang,"4,912,239","8,256",0,0,none,Asia,gama-,2019
113,Alexandria,Egypt,Alexandria Governorate,"5,200,000","2,679",0,0,"Alex, Lexi, Ally, Allie, Ria",Africa,none,2019
114,Yuncheng,China,Shanxi,"8,350,000","14,106",0,0,none,Asia,none,2019
115,Pingdingshan,China,Henan,"5,207,700","7,882",0,0,Eagle City,Asia,none,2019
116,Huai'an,China,Jiangsu,"4,799,889","10,072",0,0,none,Asia,none,2019
117,Xinpu,Taiwan,Hsinchu County,"33,168",72,0,0,Xingzhou,Asia,none,2019
118,Guilin,China,Guangxi,"4,747,963","27,809",0,0,Gui,Asia,none,2019
119,Huaihua,China,Hunan,"5,000,000","27,600",0,0,Jackson Yee,Asia,none,2019
120,Jiujiang,China,Jiangxi,"4,728,778","18,823",0,0,none,Asia,none,2019
121,Anqing,China,Anhui,"5,311,379","15,398",1,0,Four-eyed dog,Asia,none,2019
122,Huanglong,China,Shaanxi,"49,500","2,751",0,0,none,Asia,none,2019
123,Xiaogan,China,Hubei,"4,814,542","8,910",1,0,Nine-headed Birds,Asia,none,2019
124,Changzhou,China,Jiangsu,"4,592,431","4,385",0,0,Dragon Town,Asia,none,2019
125,Wuxi,China,Jiangsu,"6,553,000","4,788",1,0,none,Asia,none,2019
126,Zibo,China,Shandong,"4,530,597","5,938",1,0,The Tiger,Asia,none,2019
127,Jiaxing,China,Zhejiang,"4,501,657","3,915",0,0,none,Asia,none,2019
128,Dalian,China,Liaoning,"6,690,432","13,237",0,0,Port Arthur,Asia,beta-,2019
129,Harbin,China,Heilongjiang,"10,635,971","53,068",1,0,Ice City,Asia,gama-,2019
130,Yangzhou,China,Jiangsu,"4,459,760","6,678",0,0,Eight Eccentrics of Yangzhou,Asia,none,2019
131,Yibin,China,Sichuan,"4,471,896","13,283",0,0,none,Asia,none,2019
132,Jiangmen,China,Guangdong,"4,448,871","9,443",0,0,City of Overseas Chinese,Asia,none,2019
133,Johannesburg,South Africa,Gauteng,"5,635,127","1,645",0,0,"Jozi, Joni, eGoli",Africa,alpha-,2019
134,Meizhou,China,Guangdong,"4,328,461","15,836",0,0,none,Asia,none,2019
135,Chifeng,China,Inner Mongolia,"4,341,245","90,275",0,0,none,Asia,none,2019
136,Casablanca,Morocco,Grand Casablanca,"3,359,818",220,1,0,none,Africa,beta,2019
137,Guiyang,China,Guizhou,"4,696,800","8,034",1,0,none,Asia,none,2019
138,Langfang,China,Hebei,"739,632","6,429",0,0,none,Asia,none,2019
139,Zhangjiakou,China,Hebei,"4,650,000","36,829",0,0,Beijing's Northern Door,Asia,none,2019
140,İzmir,Turkey,İzmir Province,"4,367,251",855,0,0,Pearl of the Aegean,Europe,none,2019
141,Linfen,China,Shanxi,"4,316,612","20,275",1,0,The Modern Fruit and Flower Town,Asia,none,2019
142,Wenzhou,China,Zhejiang,"9,190,000","11,784",1,0,dipper city,Asia,none,2019
143,Monterrey,Mexico,Nuevo León,"1,109,171",970,1,0,none,North America,beta-,2019
144,Luzhou,China,Sichuan,"4,317,200","12,247",0,0,none,Asia,none,2019
145,Jiang,China,Shanxi,"69,00,000",968,1,0,Queen of the Orient,Asia,none,2019
146,Neijiang,China,Sichuan,"3,702,847","5,386",0,0,The Pearl of the Tuo River,Asia,none,2019
147,Yanjiang District,China,Sichuan,"905,729","1,633",0,0,City of Rams,Asia,none,2019
148,Zhaoqing,China,Guangdong,"3,918,467","22,322",0,0,Big head sheep,Asia,none,2019
149,Hengshui,China,Hebei,"4,260,300","8,815",0,0,none,Asia,none,2019
150,Guigang,China,Guangxi,"5,033,100","10,595",0,0,none,Asia,none,2019
151,Xiao County,China,Anhui,"1,202,000","1,885",0,0,none,Asia,none,2019
152,Xiamen,China,Fujian,"4,290,000","1,565",0,0,none,Asia,beta-,2019
153,Chuzhou,China,Anhui,"3,937,868","13,398",1,0,none,Asia,none,2019
154,Amman,Jordan,Amman Governorate,"4,302,730","1,680",0,0,Ammon,Asia,beta-,2019
155,Jeddah,Saudi Arabia,Makkah Region,"4,697,000","1,600",0,0,Bride of the Red Sea,Asia,beta-,2019
156,Sialkot,Pakistan,"Punjab, Pakistan","6,55,852","3,016",0,0,none,Asia,none,2019
157,Huizhou,China,Guangdong,"45,98,402","10,922",0,0,none,Asia,none,2019
158,Qingyuan,China,Guangdong,"36,98,412","19,015",0,0,none,Asia,none,2019
159,Zhuzhou,China,Hunan,"38,55,609","11,420",0,0,none,Asia,none,2019
160,Wuhu,China,Anhui,"36,96,000","5,767",0,0,none,Asia,none,2019
161,Hechi,China,Guangxi,"39,91,900","33,500",0,0,none,Asia,none,2019
162,Loudi,China,Hunan,"37,85,627","8,117",0,0,none,Asia,none,2019
163,Binzhou,China,Shandong,"39,23,000","9,445",0,0,none,Asia,none,2019
164,Liuzhou,China,Guangxi,"37,58,700","18,677",0,0,none,Asia,none,2019
165,Yokohama,Japan,Kanagawa Prefecture,"37,32,616",437,1,0,none,Asia,none,2019
166,Baoji,China,Shaanxi,"37,16,731","18,712",0,0,none,Asia,none,2019
167,Guang'an,China,Sichuan,"32,05,476","6,344",0,0,none,Asia,none,2019
168,Hanzhong,China,Shaanxi,"37,00,000","27,246",0,0,none,Asia,none,2019
169,Kabul,Afghanistan,Kabul Province,"44,34,550",275,0,1,none,Asia,none,2019
170,Zaozhuang,China,Shandong,"37,29,140","4,550",0,0,none,Asia,none,2019
171,Anshan,China,Liaoning,"36,45,884","9,252",0,0,none,Asia,none,2019
172,Deyang,China,Sichuan,"36,15,759","5,818",0,0,none,Asia,none,2019
173,Lanzhou,China,Gansu,"37,90,900","13,100",1,0,none,Asia,none,2019
174,Chengde,China,Hebei,"4,37,251","39,519",0,0,none,Asia,none,2019
175,Puyang,China,Henan,"36,10,400","4,188",0,0,none,Asia,none,2019
176,Suining,China,Sichuan,"32,52,551","5,326",0,0,none,Asia,none,2019
177,Jiaozuo,China,Henan,"7,47,299","4,071",0,0,none,Asia,none,2019
178,Bengbu,China,Anhui,"31,64,467","5,952",0,0,none,Asia,none,2019
179,Detroit,United States,Michigan,"6,72,662",370,0,0,"Arsenal of Democracy, The Motor City, Motown, The Renaissance City, America's Automotive Capital",North America,beta-,2019
180,Baicheng,China,Jilin,"20,33,058","25,683",0,0,none,Asia,none,2019
181,Busan,South Korea,none,"34,11,829",767,1,0,none,Asia,none,2019
182,Algiers,Algeria,Algiers Province,"39,15,811","1,190",0,1,Algiers the White,Africa,gama+,2019
183,Tianshui,China,"Gansu, China",3500000,14300,0,0,none,Asia,none,2019
184,Taiyuan,China,Shanxi,"42,01,591","6,956",1,0,"Bingzhou, Jinyang, Dragon City",Asia,gama-,2019
185,Lucknow,India,Uttar Pradesh,"35,00,000",631,1,0,City of Nawabs,Asia,none,2019
186,Chaoyang,China,Liaoning,"30,44,641","19,698",0,0,none,Asia,none,2019
187,Leshan,China,Sichuan,"32,35,759","12,826",0,0,none,Asia,none,2019
188,Siping,China,Jilin,"33,86,325","14,323",0,0,none,Asia,none,2019
189,Jinan,China,Shandong,"87,00,000","8,177",1,0,City of Springs,Asia,beta-,2019
190,Shiyan,China,Hubei,"33,40,841","23,600",0,0,none,Asia,none,2019
191,Changzhi,China,Shanxi,"32,34,100","13,864",0,0,none,Asia,none,2019
192,Faisalabad,Pakistan,"Punjab, Pakistan","32,03,846","1,269",0,0,none,Asia,none,2019
193,Santa Cruz,United States,"California, United States","64,522",32.997141,1,0,none,North America,none,2019
194,Bazhou,China,Hebei,"7,76,000",784,0,0,none,Asia,none,2019
195,Zhongshan,China,Guangdong,"31,42,300","1,800",0,0,none,Asia,none,2019
196,Zhenjiang,China,Jiangsu,"31,13,384","3,799",0,0,none,Asia,none,2019
197,Urumqi,China,Xinjiang,"35,19,600","10,989",0,0,none,Asia,none,2019
198,Tongliao,China,Inner Mongolia,"31,39,153","59,535",0,0,none,Asia,none,2019
199,Heyuan,China,Guangdong,"29,50,195","15,478",0,0,none,Asia,none,2019
200,Tongren,China,Guizhou,"380,000","2,004",0,0,none,Asia,none,2019
201,Qinzhou,China,Guangxi,"40,41,000","5,250",0,0,none,Asia,none,2019
202,Jaipur,India,Rajasthan,"30,73,350",112,1,0,The Pink City,Asia,none,2019
203,Xinzhou,China,Shanxi,"30,67,501","25,180",0,0,none,Asia,none,2019
204,Addis Ababa,Ethiopia,none,"33,84,569",527,0,1,"City of Humans, Adisava, Addika, Finfinne",Africa,none,2019
205,Giza,Egypt,Giza Governorate,"88,00,000","1,580",1,0,Cairo's Twin,Africa,none,2019
206,Brasília,Brazil,Federal District,"25,62,963","5,802",0,1,"Capital Federal, BSB",South America,none,2019
207,Mashhad,Iran,Razavi Khorasan Province,"24,27,316",850,1,0,The City of Ferdowsi,Asia,none,2019
208,Jinzhou,China,Liaoning,"30,70,000","10,111",0,0,none,Asia,none,2019
209,Tieling,China,Liaoning,"27,17,732","12,966",0,0,none,Asia,none,2019
210,Shaoguan,China,Guangdong,"28,26,246","18,645",0,0,none,Asia,none,2019
211,Shanwei,China,Guangdong,"29,35,469","5,271",0,0,none,Asia,none,2019
212,Kyiv,Kiev City Council,none,"29,67,360",839,0,1,none,Europe,Beta,2019
213,Sana'a,Yemen,none,"25,45,000","5,552",0,1,none,Asia,none,2019
214,Quezon City,Philippines,Metro Manila,"26,79,450",166,1,0,none,Asia,none,2019
215,Dingxi,China,Gansu,"30,31,200","20,300",0,0,none,Asia,none,2019
216,Incheon,South Korea,none,"29,54,955","1,029",1,0,none,Asia,none,2019
217,Bursa,Turkey,Bursa Province,"29,94,521","1,036",1,0,none,Europe,none,2019
218,Ningde,China,Fujian,"28,21,996","13,452",0,0,none,Asia,none,2019
219,Tampa,United States,Florida,"3,92,890",442,0,0,"The Big Guava, Cigar City, Lightning Capital of the World, Cigar Capital of the World",North America,beta-,2019
220,Daqing,China,Heilongjiang,"29,04,532","22,161",0,0,none,Asia,none,2019
221,Birmingham,United Kingdom,England,"10,74,300",268,0,0,"The Workshop of the World, City of a Thousand Trades, Brum, The Second City, Metal City",Europe,none,2019
222,Putian,China,Fujian,"27,78,508","4,200",0,0,none,Asia,none,2019
223,Huzhou,China,Zhejiang,"28,93,542","5,794",0,0,none,Asia,none,2019
224,Wuzhou,China,Guangxi,"30,61,100","12,588",1,1,none,Asia,none,2019
225,La Paz,Bolivia,La Paz,"7,66,468",472,0,1,none,South America,gama,2019
226,Pyongyang,North Korea,none,"28,70,000","3,194",0,1,City of Willows,Asia,none,2019
227,Kano,Nigeria,Kano State,"28,28,861",499,1,0,none,Africa,none,2019
228,Taichung,Xitun District,none,"28,16,667","2,215",1,0,Cultural City,Asia,gama,2019
229,Omdurman,Sudan,Khartoum,"23,95,159",615,0,0,none,Africa,none,2019
230,Zigong,China,Sichuan,"26,78,899","4,373",0,0,Salt City,Asia,none,2019
231,Qinhuangdao,China,Hebei,"8,17,487","7,812",0,0,none,Asia,none,2019
232,Mudanjiang,China,Heilongjiang,"27,98,723","40,435",0,0,none,Asia,none,2019
233,Huludao,China,Liaoning,"27,87,032","10,415",0,0,none,Asia,none,2019
234,Kaohsiung,Taiwan,none,"27,73,127","2,946",1,0,"The Harbor City, The Maritime Capital, The Waterfront City",Asia,gama-,2019
235,Xiangtan,China,Hunan,"27,52,171","5,015",0,0,none,Asia,none,2019
236,Guayaquil,Ecuador,Guayas,"26,98,077",345,1,0,The Pearl of the Pacific,South America,gama,2019
237,Rizhao,China,Shandong,"29,49,000","5,310",0,0,none,Asia,none,2019
238,Kanpur,India,Uttar Pradesh,"31,44,267",260,0,0,Leather City of World,Asia,none,2019
239,Baotou,China,Inner Mongolia,"26,50,364","27,768",0,0,none,Asia,none,2019
240,Taipei,Taiwan,none,"26,46,204",272,0,1,The City of Azaleas,Asia,alpha-,2019
241,Nanping,China,Fujian,"26,45,549","26,278",0,0,none,Asia,none,2019
242,Longyan,China,Fujian,"25,59,545","19,069",0,0,none,Asia,none,2019
243,Ibadan,Nigeria,Oyo State,"25,59,853","3,080",1,0,Ile Oluyole,Africa,none,2019
244,Hohhot,China,Inner Mongolia,"28,66,615","17,224",1,0,Dairy Capital of China,Asia,none,2019
245,Chaozhou,China,Guangdong,"3,63,582","3,110",0,0,none,Asia,none,2019
246,Antananarivo,Madagascar,Antananarivo,"12,75,207",88,0,1,Tana,Africa,none,2019
247,Longbar,United Kingdom,Scotland,"34,20,000",none,0,0,none,Europe,none,2019
248,Weihai,China,Shandong,"28,36,000","5,436",0,0,none,Asia,none,2019
249,Chittagong,Bangladesh,Chittagong,"84,40,000",157,1,0,Chottala,Asia,none,2019
250,Santo Domingo,Dominican Republic,Santo Domingo Province,"29,07,100",104,0,1,Gateway to the Caribbean,North America,gama,2019
251,Xuanzhou District,China,Anhui,"8,64,000","2,585",0,0,none,Asia,none,2019
252,Sanming,China,Fujian,"25,03,388","22,929",0,0,none,Asia,none,2019
253,Brooklyn,United States,New York,"25,82,830",251,0,0,none,North America,none,2019
254,Medellín,Colombia,Antioquia Department,"21,83,557",381,1,0,"The Beauty city, The city of eternal spring",South America,gama+,2019
255,Brisbane,Australia,Queensland,"25,60,700","5,950",1,0,"The River City, Brisvegas",Australia,beta+,2019
256,Baoshan,China,Yunnan,"25,06,491","19,040",0,0,none,Asia,none,2019
257,Dubai,United Arab Emirates,none,"33,31,420","4,114",1,0,Dubai State,Asia,alpha+,2019
258,Luohe,China,Henan,"26,68,200","2,617",0,0,none,Asia,none,2019
259,Mirzapur,India,Uttar Pradesh,"2,33,691",none,0,0,none,Asia,none,2019
260,Guangyuan,China,Sichuan,"24,84,123","16,314",0,0,none,Asia,none,2019
261,Cali,Colombia,Valle del Cauca Department,"22,27,642",564,1,0,The sultan of the Valley,South America,none,2019
262,Daegu,South Korea,none,"24,68,222",884,1,0,The Conservative City,Asia,none,2019
263,Fortaleza,Brazil,Ceará,"26,86,612",314,1,0,Fortal,South America,none,2019
264,Guatemala City,Guatemala,Guatemala Department,"9,95,393",692,0,1,Guate,North America,beta-,2019
265,Yaounde,Cameroon,Centre Region,"27,65,600",180,0,1,none,Africa,none,2019
266,Douala,Cameroon,Littoral Region,"27,68,400",210,1,0,none,Africa,gama-,2019
267,Jilin,China,none,"24,073,453","1,87,400",0,0,none,Asia,none,2019
268,Lianshan Zhuang and Yao Autonomous,China,Guangdong,"114,000","1,264",0,0,none,Asia,none,2019
269,Lincang,China,Yunnan,"24,29,505","24,469",0,0,none,Asia,none,2019
270,Antalya,Turkey,Antalya,"34,00,234","1,417",1,0,none,Europe,none,2019
271,Tashkent,Uzbekistan,none,"25,71,668",335,0,1,none,Asia,none,2019
272,Huangshi,China,Hubei,"24,29,318","4,645",0,0,none,Asia,none,2019
273,Bandung,Indonesia,West Java,"24,44,160",168,1,0,"City of Flowers, Parijs Van Java",Asia,none,2019
274,Nagpur,India,Maharashtra,"24,05,665",218,0,0,Orange city,Asia,none,2019
275,Dandong,China,Liaoning,"24,44,697","15,030",0,0,none,Asia,none,2019
276,Huainan,China,Anhui,"23,33,896","2,526",0,0,none,Asia,none,2019
277,Shangzhou District,China,Shaanxi,"5,40,500","2,672",0,0,none,Asia,none,2019
278,Bekasi,Indonesia,Jakarta,"30,84,000",210,0,0,none,Asia,none,2019
279,Ghaziabad,India,Uttar Pradesh,"17,29,000","1,933",0,0,none,Asia,none,2019
280,Tijuana,Mexico,Baja California,"13,00,983",637,0,0,"Television Capital of the World, T.J.",North America,none,2019
281,Jiamusi,China,Heilongjiang,"23,33,311","32,700",0,0,none,Asia,none,2019
282,Yangjiang,China,Guangdong,"24,21,748","7,813",0,0,none,Asia,none,2019
283,Accra,Ghana,Greater Accra Region,"50,55,900",226,0,1,none,Africa,gama-,2019
284,Yuxi,China,Yunnan,"56,43,749","15,285",0,0,none,Asia,none,2019
285,Fushun,China,Liaoning,"21,93,000","11,271",0,0,The Capital of Coal,Asia,none,2019
286,Anshun,China,Guizhou,"22,97,339","9,269",0,0,none,Asia,none,2019
287,Tangerang,Indonesia,Banten,"18,95,486",165,0,0,none,Asia,none,2019
288,Konya,Turkey,Konya,"21,61,303","39,000",1,0,The Citadel of Islam,Europe,none,2019
289,Queens,United States,New York,"22,78,906",462,0,0,none,North America,none,2019
290,Yingkou,China,Liaoning,"24,28,534","4,970",0,0,none,Asia,none,2019
291,Adana,Turkey,Adana,"17,68,860","1,945",1,0,none,Europe,none,2019
292,Medan,Indonesia,North Sumatra,"24,35,252",265,1,0,none,Asia,none,2019
293,Sanmenxia,China,Henan,"22,76,500","10,475",0,0,none,Asia,none,2019
294,Indore,India,Madhya Pradesh,"19,94,397",530,0,0,The City of Holkars,Asia,none,2019
295,Ma'anshan,China,Anhui,"23,61,000","1,686",0,0,none,Asia,none,2019
296,Pingliang,China,Gansu,"21,25,300","11,197",0,0,none,Asia,none,2019
297,Quzhou,China,Zhejiang,"25,78,100","8,846",0,0,none,Asia,none,2019
298,Baku,Azerbaijan,none,"22,93,100","2,130",0,1,none,Asia,gama+,2019
299,Gaoping,China,Shanxi,"4,94,000",946,0,0,none,Asia,none,2019
300,Huaibei,China,Anhui,"21,14,276","2,725",0,0,none,Asia,none,2019
301,Xining,China,Qinghai,"22,08,708","7,372",1,0,none,Asia,none,2019
302,Yan'an,China,Shaanxi,"21,98,100","37,000",0,0,none,Asia,none,2019
303,Havana,Cuba,none,"21,30,517",728,0,1,City of Columns,North America,none,2019
304,Phnom Penh,Cambodia,none,"22,81,951",678,0,1,"Pearl of Asia, City of Four Faces",Asia,gama+,2019
305,Fukuoka,Japan,Fukuoka Prefecture,"15,88,924",340,1,0,none,Asia,none,2019
306,Mogadishu,Somalia,Banaadir,"2,00,123","1,657",0,1,Xamar,Asia,none,2019
307,Jincheng,China,Shanxi,"3,04,221","9,490",0,0,none,Asia,none,2019
308,Lishui,China,Zhejiang,"32,74,467","17,298",0,0,none,Asia,none,2019
309,Qingyang,China,Gansu,"22,11,191","27,119",0,0,none,Asia,none,2019
310,Riverside,United States,California,"3,30,063",211,0,0,none,North America,none,2019
311,Baltimore,United States,Maryland,"6,02,495",238,0,0,"Charm City, Crab Cake Capital of the World, Monument City, The City of Firsts, The City That Reads",North America,gama+,2019
312,Haiphong,Vietnam,none,"20,28,514","1,508",1,0,none,Asia,none,2019
313,Las Vegas,United States,Nevada,"6,44,644",352,0,0,none,North America,none,2019
314,Laibin,China,Guangxi,"24,98,236","13,400",0,0,none,Asia,none,2019
315,Rawalpindi,Pakistan,"Punjab, Pakistan","20,98,231","5,286",0,0,Pindi,Asia,none,2019
316,Kumasi,Ghana,Ashanti Region,"33,48,000",254,1,0,"The Garden City, The Heart Beat of Ghana",Africa,none,2019
317,Portland,United States,Oregon,"6,53,115",376,0,0,"The City of Roses, Rip City",North America,none,2019
318,Vadodara,India,Gujarat,"18,22,221",149,0,0,"Sayaji's City, The City of Culture, Cultured City",Asia,none,2019
319,Perth,Australia,Western Australia,"21,25,114","6,418",1,0,none,Australia,Beta,2019
320,Puning,China,Guangdong,"20,54,703","1,620",0,0,none,Asia,none,2019
321,San Antonio,United States,Texas,"15,32,233","1,205",0,0,"Alamo City, Military City, Mission City, River City",North America,none,2019
322,Haikou,China,Hainan,"20,46,189","2,237",1,0,Meilan,Asia,gama,2019
323,Visakhapatnam,India,Andhra Pradesh,"17,28,128",682,0,0,The Jewel of the East Coast,Asia,none,2019
324,Gaziantep,Turkey,Gaziantep Province,"20,69,364",8,1,0,none,Europe,none,2019
325,Minsk,Belarus,none,"18,36,808",308,0,1,none,Europe,none,2019
326,St. Louis,United States,Missouri,"3,02,838",171,0,0,none,North America,gama+,2019
327,Bamako,Mali,Mali,"27,13,000",245,0,1,none,Africa,none,2019
328,Quito,Ecuador,Pichincha,"20,11,388",324,0,1,"Light of America, The city of the heavens",South America,beta-,2019
329,Pingxiang,China,Guangxi,"1,07,046",650,0,0,none,Asia,none,2019
330,Chongzuo,China,Guangxi,"23,47,700","17,345",0,0,none,Asia,none,2019
331,Sanliurfa,Turkey,Şanlıurfa,"20,31,425","18,584",1,0,none,Europe,none,2019
332,Kananga,Democratic Republic of the Congo,Lulua Province,"12,71,704",847,1,0,none,Europe,none,2019
333,Peshawar,Pakistan,Khyber Pakhtunkhwa,"19,70,042","1,257",1,0,none,Asia,none,2019
334,Sapporo,Japan,Hokkaido,"19,73,432","1,121",1,0,none,Asia,none,2019
335,Jixi,China,Heilongjiang,"18,62,165","23,040",0,0,none,Asia,none,2019
336,Caracas,Venezuela,Capital District,"22,45,744",433,0,1,"The Sultana of the Ávila, Heaven's Branch on Earth",South America,beta-,2019
337,Fuxin,China,Liaoning,"18,19,339","10,445",0,0,none,Asia,none,2019
338,Leeds,United Kingdom,England,"7,93,000",552,0,0,none,Europe,none,2019
339,Sacramento,United States,California,"5,08,529",259,1,0,"Almond Capital of the World, Big Tomato, Camellia City, City of Trees, River City",North America,gama-,2019
340,Blantyre,Malawi,Blantyre District,"800,264",228,1,0,none,Africa,none,2019
341,Tainan,Taiwan,Tainan,"1,881,204",176,1,0,"The Phoenix City, The Prefecture City , Nanying",Asia,none,2019
342,"Wuwei, Gansu",China,Gansu,"1,815,054","33,000",0,0,China's Bordeaux,Asia,none,2019
343,Bhopal,India,Madhya Pradesh,"1,798,218",697,1,0,The City of Lakes,Asia,none,2019
344,Curitiba,Brazil,Paraná,"1,948,626",431,1,0,"Model City, Ecological Capital of Brazil, Green City, Capital of Araucarias, The City of Eternal Fog",South America,none,2019
345,Xiping,China,Shanxi,"682,200","1,098",0,0,none,Asia,none,2019
346,Asunción,Paraguay,none,"525,252",117,0,1,Mother of Cities,South America,gama-,2019
347,Saidu Sharif,Pakistan,Khyber Pakhtunkhwa,65000,none,0,0,none,Asia,none,2019
348,Aleppo,Syria,Aleppo Governorate,"1,850,000",190,1,0,Al-Shahbaa,Asia,none,2019
349,Meru,Kenya,Meru County,"1,833,000",7006,0,0,none,Africa,none,2019
350,Brazzaville,Congo,none,"1,696,392",100,0,1,none,Africa,none,2019
351,Mersin,Turkey,Mersin,"1,814,468","15,853",1,0,Pearl of the Mediterranean,Asia/Europe,none,2019
352,Almaty,Kazakhstan,none,"1,977,011",325,0,0,"South Capital, Apple City, Big Apple",Asia/Europe,beta-,2019
353,Barranquilla,Colombia,Atlantico Department,"1,206,319",166,1,0,Colombia's Golden Gate,South America,none,2019
354,Kyoto,Japan,Kyoto Prefecture,"1,475,183",828,1,0,Capital of Peace and Tranquillity,Asia,none,2019
355,Manaus,Brazil,Amazonas,"2,219,580","11,401",1,0,"The Paris of the Tropics,Mother of the Gods",South America,none,2019
356,Liaoyang,China,Liaoning,"1,859,768","4,731",0,0,none,Asia,none,2019
357,Baiyin,China,Gansu,"1,740,800","21,200",0,0,Copper city,Asia,none,2019
358,Lubumbashi,Democratic Republic of the Congo,Haut-Katanga,"1,794,118",747,0,0,L'shi – Lubum,Africa,none,2019
359,Damascus,Syria,Damascus Governorate,"2,079,000",105,0,1,City of Jasmine,Asia,none,2019
360,Shangqiu,China,Henan,"7,333,600","10,704",0,0,none,Asia,none,2019
361,Isfahan,Iran,Isfahan,"1,961,260","106,179",1,0,Nesf-e Jahān (Half of the World),Asia,none,2019
362,Heihe,China,Heilongjiang,"1,673,898","54,390",0,0,none,Asia,none,2019
363,Lusaka,Zambia,Lusaka,"1,747,152",360,0,1,LSK,Africa,none,2019
364,Diyarbakır,Turkey,Diyarbakır Province,"1,783,431",685,0,0,none,Asia/Europe,none,2019
365,Chinchwad,India,Maharashtra,"1,729,320",172,0,0,none,Asia,none,2019
366,Shuozhou,China,Shanxi,"1,714,857","5,737",0,0,none,Asia,none,2019
367,"Vitória, Espírito Santo",Brazil,Espírito Santo,"365,855",93,1,0,"Honey Island, Sun city, Vix",South America,none,2019
368,Cleveland,United States,Ohio,"383,793",214,0,0,The Forest CIty,North America,gama-,2019
369,Pittsburgh,United States,Pennsylvania,"301,048",151,0,0,"City of Bridges, Steel City,
 City of Champions, The Burgh",North America,none,2019
370,Mecca,Saudi Arabia,Makkah Region,"1,578,722","1,200",0,0,none,Asia,none,2019
371,Patna,India,Bihar,"1,683,200","3,202",1,0,The City of Leaders & Knowledge,Asia,none,2019
372,Mosul,Iraq,Nineveh Province,"1,683,000",180,1,0,Nīnwē,Asia,none,2019
373,"Shan County, Henan",China,Henan,"350,700","1,763",0,0,none,Asia,none,2019
374,Conakry,Guinea,none,"1,660,973",450,0,1,none,Africa,none,2019
375,Kampala,Uganda,none,"1,680,600",189,0,1,none,Africa,beta-,2019
376,Ecatepec de Morelos,Mexico,Mexico State,"1,645,352",187,0,0,none,North America,none,2019
377,Cincinnati,United States,Ohio,"302,605",206,0,0,"Athens of the West, Cincy, Little Paris, Paris of America, Porkopolis, The Queen City, The Nati, The 513",North America,none,2019
378,Makassar,Indonesia,South Sulawesi,"1,423,877",176,0,0,"City of Daeng, Ujung Pandang",Asia,none,2019
379,Yushan,China,Jiangxi,"594,800","1,728",0,0,none,Asia,none,2019
380,Ludhiana,India,Punjab,"1,618,879",310,0,0,Manchester of India,Asia,none,2019
381,Newcastle upon Tyne,United Kingdom,England,"809,000",360,0,0,Newcastle,Europe,none,2019
382,Depok,Indonesia,West Java,"2,462,215",200,0,0,Kota Belimbing Starfruit City,Asia,none,2019
383,Zhongli,Taiwan,Taoyuan,"397,083",77,0,0,none,Asia,none,2019
384,Kansas City,United States,Missouri,"486,404",826,0,0,"KC, KCMO, the City of Fountains, Paris of the Plains, and the Heart of America",North America,gama-,2019
385,Rabat,Morocco,Rabat-Salé-Zemmour-Zaer,"577,827",117,0,1,none,Africa,none,2019
386,Ouagadougou,Burkina Faso,Centre Region,"2,453,496",219,0,1,Ouaga,Africa,none,2019
387,Davao City,Philippines,Davao del Sur,"1,366,153","2,444",0,0,"King City of the South, Crown Jewel of Mindanao, Durian Capital of the Philippines",Asia,none,2019
388,Manhattan,United States,New York,"1,628,706",87,0,0,The City,North America,none,2019
389,Semarang,Indonesia,Central Java,"1,553,778",374,1,0,"Venetië van Java, Lumpia City",Asia,none,2019
390,Yinchuan,China,Ningxia,"2,293,085","4,467",1,0,none,Asia,none,2019
391,Multan,Pakistan,"Punjab, Pakistan","1,871,843","3,721",0,0,The City of Saints,Asia,none,2019
392,Caloocan,Philippines,Metro Manila,"1,381,610",56,0,0,none,Asia,none,2019
393,Harare,Zimbabwe,Harare,"2,123,132",961,0,1,"Sunshine City, H Town",Africa,gama-,2019
394,Novosibirsk,Russia,Novosibirsk Oblast,"1,473,754",502,1,0,Chicago of Siberia,Europe/Asia,none,2019
395,Chengtangcun,China,Shandong Province,105456,none,0,0,none,Asia,none,2019
396,Agra,India,Uttar Pradesh,"1,585,704",188,0,0,"City of Love
 City of Taj",Asia,none,2019
397,Karaj,Iran,Alborz Province,"1,448,075",858,0,0,none,Asia,none,2019
398,Indianapolis,United States,Indiana,"876,862",954,1,0,"Indy, Circle City, Crossroads of America, Naptown, Racing Capital of the World, Amateur Sports Capital of the World, Railroad City",North America,none,2019
399,Jingdezhen,China,Jiangxi,"1,669,057","5,256",0,0,none,Asia,none,2019
400,Puebla,Mexico,Puebla,"1,692,181",546,1,0,Angelopolis,North America,none,2019
401,Kalyan,India,Maharashtra,"1,246,381",137,0,0,none,Asia,none,2019
402,Madurai,India,Tamil Nadu,"1,017,865",148,0,0,"City Of Festivals,Sleepless city,City of Jasmine, Athens of east",Asia,none,2019
403,Gujranwala,Pakistan,"Punjab, Pakistan","2,027,001","3,198",0,0,City of Wrestlers,Asia,none,2019
404,Benxi,China,Liaoning,"1,709,538","8,435",0,0,none,Asia,none,2019
405,Jamshedpur,India,Jharkhand,"573,096",224,0,0,Steel City of India,Asia,none,2019
406,Zhuhai,China,Guangdong,"1,562,530","1,653",0,0,"City of Romance, City of hundred islands",Asia,none,2019
407,Recife,Brazil,Pernambuco,"1,653,461",218,1,0,"Veneza Brasileira (Brazilian Venice), Capital of the Northeast and Mauricéia/Mauritsstad",South America,none,2019
408,Columbus,United States,Ohio,"892,533",578,1,0,"The Discovery City,Arch City, Cap City, Indie Art Capital, Cowtown, The Biggest Small Town in America, Cbus",North America,gama-,2019
409,Tabriz,Iran,East Azerbaijan,"1,378,935",324,1,0,"City of Firsts, City of Pioneers",Asia,none,2019
410,Maracaibo,Venezuela,Zulia,"1,339,019",550,0,0,"La Tierra del Sol Amada
 The Beloved Land of the Sun",Asia,none,2019
411,Beihai,China,Guangxi,"1,539,300","3,337",0,0,Zhuxiang -the hometown of pearls,Asia,none,2019
412,Shuangyashan,China,Heilongjiang,"1,462,626","26,483",0,0,none,Asia,none,2019
413,Kobe,Japan,Hyōgo Prefecture,"1,524,601",552,1,0,none,Asia,none,2019
414,Charlotte,United States,North Carolina,"872,498",801,0,0,"The Queen City, The QC, The CLT, The Hornet's Nest",North America,gama+,2019
415,"Yucheng, Shandong",China,Shandong,"514,300",990,0,0,none,Asia,none,2019
416,Changshu,China,Jiangsu,"1,515,900","1,264",0,0,Paradise of the Lower Yangtze,Asia,none,2019
417,Xiushan Tujia and Miao Autonomous,China,Chongqing,"501,600","2,450",0,0,none,Asia,none,2019
418,Guiping,China,Guangxi,"1,700,000","4,074",0,0,none,Asia,none,2019
419,Nashik,India,Maharashtra,"1,486,973",360,0,0,"Grape city, Wine capital of India,California of India",Asia,none,2019
420,Porto Alegre,Brazil,Rio Grande do Sul,"1,488,252",497,1,0,none,South America,none,2019
421,Zhangjiajie,China,Hunan,"1,476,521","9,518",0,0,Dayong,Asia,none,2019
422,Virginia Beach,United States,Virginia,"450,189","1,288",0,0,"The Resort City, Neptune City",North America,none,2019
423,Daejeon,South Korea,Chungcheong,"1,508,120",540,0,0,"Asia's Silicon Valley, High Technology CIty",Asia,none,2019
424,Yekaterinburg,Russia,Sverdlovsk Oblast,"1,350,136",491,0,0,Window to SIberia,Europe/Asia,none,2019
425,Yunfu,China,Guangdong,"2,367,154","7,813",0,0,none,Asia,none,2019
426,Huangshan City,China,Anhui,"406,200","9,807",0,0,none,Asia,none,2019
427,Shiraz,Iran,Fars Province,"1,227,331",240,1,0,"Cultural Capital of Iran, City of poets, City of gardens, City of flowers and nightingale",Asia,none,2019
428,León,Spain,Castile and León,"131,680",39,1,0,none,Europe/Asia,none,2019
429,Pizhou,China,Jiangsu,"1,943,600","2,088",0,0,none,Asia,none,2019
430,Palembang,Indonesia,South Sumatra,"1,662,893",374,1,0,"Kota Pempek (City of Pempek), Venetië Van Andalas, Bumi Sriwijaya (The Land of Srivijaya)",Asia,none,2019
431,Kharkiv,Ukraine,Kharkiv Oblast,"1,443,207",310,1,0,"The First Capital, Smart City",Europe,none,2019
432,Kawanakajima,Japan,Kangawa,none,none,0,0,none,Asia,none,2019
433,Lianjiang,China,Guangdong,"1,476,200","2,835",0,0,none,Asia,none,2019
434,Chizhou,China,Anhui,1430000,"9,423",1,0,none,Asia,none,2019
435,Leizhou,China,Guangdong,1427664,"2,523",0,0,none,Asia,none,2019
436,Guyuan,China,Ningxia,"1,455,200","14,413",0,0,none,Asia,none,2019
437,Rui'an,China,Zhejiang,"1,125,000","1,271",0,0,none,Asia,none,2019
438,Birstall,United Kingdom,England,16298,none,0,0,none,Europe,none,2019
439,Hebi,China,Henan,"1,631,500","2,182",0,0,none,Asia,none,2019
440,Tianmen,China,Hubei,"1,731,482","2,004",0,0,none,Asia,none,2019
441,Bronx,United States,New York,"1,418,207",149,0,0,none,North America,none,2019
442,The Hague,Netherlands,South Holland,"545,838",98,1,0,"Residentie (Residence), Hofstad (Court city), Stad achter de duinen (City behind the dunes)",Europe,none,2019
443,Owerri,Nigeria,Imo State,"1,401,873",104,1,0,none,Africa,none,2019
444,Sharjah,United Arab Emirates,Sharjah,"1,274,749",236,0,0,none,Asia,none,2019
445,Farīdābād,India,Haryana,"1,404,653",207.8,0,0,Industrial City of India,Asia,none,2019
446,Ulaanbaatar,Mongolia,none,"1,466,125","4,704",0,1,Хот,Asia,none,2019
447,Goiânia,Brazil,Goiás,"1,536,097",789,1,0,Capital do Cerrado (Capital of the Cerrado),South America,none,2019
448,Belém,Brazil,Pará,"1,499,641","1,070",1,0,"""City of Mango Trees"", ""Metropolis of Amazon""",South America,none,2019
449,Kayseri,Turkey,Kayseri,"1,389,680","16,917",0,0,none,Europe/Asia,none,2019
450,Yueqing,China,Zhejiang,"1,162,765",1174,0,0,none,Asia,none,2019
451,Belgrade,Serbia,Belgrade,"1,166,763","3,223",0,1,none,Europe,beta-,2019
452,Pingdu,China,Shandong,"1,377,900","3,167",0,0,none,Asia,none,2019
453,Aurangabad district,India,Maharashtra,"3,701,282","10,100",0,0,City of Gates,Asia,none,2019
454,Yutan,United States,Nebraska,"1,285",1,0,0,none,North America,none,2019
455,Wenling,China,Zhejiang,"1,162,783",926,0,0,none,Asia,none,2019
456,Islamabad,Pakistan,Islamabad Capital Territory,"1,014,825",906,0,1,"Isloo, The Green City",Asia,gama+,2019
457,Milwaukee,United States,Wisconsin,"595,047",251,0,0,"Cream City, Brew City, Beer City, Brew Town, Beertown, Miltown, The Mil, MKE, The City of Festivals, Deutsch-Athen (German Athens), The Four, The 414",North America,gama-,2019
458,Sofia,Bulgaria,Sofia Province,"1,242,568","1,349",0,1,none,Europe,beta-,2019
459,Samsun,Turkey,Samsun Province,"605,319",9,1,0,none,Europe/Asia,none,2019
460,Rajkot,India,Gujarat,"967,476",170,0,0,Chitranagri (City of Paintings),Asia,none,2019
461,Khulna,Bangladesh,Khulna,"2,984,000",21,0,0,none,Asia,none,2019
462,Córdoba,Argentina,"Córdoba Province, Argentina","1,157,507",1253,1,0,"La Ciudad Califal, Córdoba la Llana",South America,none,2019
463,Guarulhos,Brazil,São Paulo,"1,392,121",318,0,0,Cidade Progresso (Progress City),South America,none,2019
464,Ciudad Juárez,Mexico,Chihuahua,"1,321,004",188,0,0,El Paso del Norte,North America,none,2019
465,Montevideo,Uruguay,Montevideo Department,"1,338,408",201,0,1,none,South America,beta,2019
466,Mbuji-Mayi,Democratic Republic of the Congo,Kasai-Oriental,"3,367,582",135,1,0,none,Africa,none,2019
467,Fuqing,China,Fujian,"1,381,000","500,000",0,0,none,Asia,none,2019
468,Xintai,China,Shandong,"1,274,200","1,933",0,0,none,Asia,none,2019
469,Saitama,Japan,Saitama Prefecture,"1,324,854",217,1,0,none,Asia,none,2019
470,Hiroshima,Japan,Hiroshima Prefecture,"1,199,391",905,1,0,none,Asia,none,2019
471,Meerut,India,Uttar Pradesh,"1,571,434",142,0,0,Sports Capital of India,Asia,none,2019
472,"Yushu, Jilin",China,Jilin,"1,160,568","4,724",0,0,none,Asia,none,2019
473,Yangquan,China,Shanxi,"655,317","4,452",0,0,none,Asia,none,2019
474,Haicheng,China,Liaoning,"1,142,000","2,734",0,0,none,Asia,none,2019
475,Gaozhou,China,Guangdong,"1,288,665","3,276",0,0,none,Asia,none,2019
476,Yingtan,China,Jiangxi,"1,124,906","3,554",0,0,none,Asia,none,2019
477,Jabalpur,India,Madhya Pradesh,"1,267,564",367,0,0,"Sanskaar Dhaani, Tripur Tirth",Asia,none,2019
478,Thane,India,Maharashtra,"1,886,941",147,0,0,City of Lakes,Asia,none,2019
479,Zhangye,China,Gansu,"1,199,515","42,000",0,0,Rainbow Mountains,Asia,none,2019
480,Rucheng,China,Hunan,1267066,2400.71,0,0,none,Asia,none,2019
481,Nizhny Novgorod,Russia,Nizhny Novgorod Oblast,"1,300,000",411,0,0,Russian Detroit,Europe/Asia,none,2019
482,Zhangjiagang,China,Jiangsu,"1,260,600",987,0,0,none,Asia,none,2019
483,Shaoyang,China,Hunan,"7,071,741","20,829",0,0,none,Asia,none,2019
484,Dhanbad,India,Jharkhand,"1,162,472","2,052",0,0,The Coal Capital of India Koylanchal,Asia,none,2019
485,Laiwu,China,Shandong,"1,233,525","2,246",0,0,none,Asia,none,2019
486,Kazan,Russia,Tatarstan,"1,143,535",425,1,0,none,Europe/Asia,none,2019
487,Dayan,China,Yunnan,1244769,none,1,0,none,Asia,none,2019
488,Suwon,South Korea,Gyeonggi,"1,241,311",121,0,0,none,Asia,none,2019
489,Jiangyin,China,Jiangsu,"1,653,400",988,0,0,none,Asia,none,2019
490,Yongcheng,China,Henan,"1,241,500","2,068",0,0,none,Asia,none,2019
491,Can Tho,Vietnam,none,"1,235,171","1,390",0,0,The capital of the West,Asia,none,2019
492,Abuja,Nigeria,Federal Capital Territory,"1,235,880",713,0,1,ABJ,Africa,none,2019
493,Yiwu,China,Zhejiang,"1,234,015","1,102",0,0,none,Asia,none,2019
494,Mandalay,Myanmar,Mandalay Region,"1,726,889",164,0,0,none,Asia,none,2019
495,Al Bayda,Libya,Jabal al Akhdar,"380,000",none,0,0,none,Africa,none,2019
496,Basra,Iraq,Basra Governorate,"1,326,564",181,0,0,Venice of the East,Asia,none,2019
497,Shuangshu,China,Guizhou,1221000,none,0,0,none,Asia,none,2019
498,Seville,Spain,Andalusia,"702,355",140,1,0,none,Europe/Africa,none,2019
499,Vila Velha,Brazil,Espírito Santo,"501,325",208,0,0,The Land of the Green Shins,South America,none,2019
500,Allahabad,India,Uttar Pradesh,"1,536,218","3,424",0,0,"The Sangam City,City of Prime Ministers",Asia,none,2019
501,Varanasi,India,Uttar Pradesh,"1,212,610","1,550",0,0,"The City of Ghats
 The City of Shiva
 The City of light
 The City of Temples
 The City of Music
 Spiritual Capital of India
 Sanskrit City",Asia,none,2019
502,Tunis,Tunisia,Tunis Governorate,"638,845",213,0,1,none,Africa,Beta -,2019
503,Chelyabinsk,Russia,Chelyabinsk Oblast,"1,202,371",837,0,0,none,Europe/Asia,none,2019
504,Mombasa,Kenya,Mombasa County,1200000,295,0,0,none,Africa,none,2019
505,Providence,United States,Rhode Island,"179,335",53,1,0,"The Creative Capital, the Renaissance City, the Divine City, PVD, Pro",North America,none,2019
506,Qom,Iran,Qom Province,"964,706",730,1,0,Religious Capital Of Iran,Asia,none,2019
507,Maiduguri,Nigeria,Borno State,"1,197,497",137,1,0,none,Africa,none,2019
508,Maputo,Mozambique,none,"1,088,449",346,0,1,"City of Acacias, the Pearl of the Indian Ocean.",Africa,gama-,2019
509,Rosario,Argentina,Santa Fe,"907,718",178,0,0,"Birthplace of the Argentine Flag, The Argentine Chicago",South America,none,2019
510,Benin City,Nigeria,Edo State,"1,495,800","1,204",1,0,none,Africa,none,2019
511,Ahvaz,Iran, Khuzestan,"11,12,021",528,1,0,none,Asia,none,2019
512,Jacksonville,United States,Florida,"9,11,507","2,292",0,0,Bold New City of the South,North America,none,2019
513,Medina,Saudi Arabia,Medina Province,"11,00,093",589,1,0,none,Asia,none,2019
514,Srinagar,India,Jammu and Kashmir,"11,80,570",294,1,0,Paradise on Earth,Asia,none,2019
515,Omsk,Russia,Omskaya Oblast,"11,78,391",573,1,0,none,Asia,none,2019
516,Huazhou,China,Guangdong,"15,78,000","2,354",0,0,none,Asia,none,2019
517,Cilacap Regency,Indonesia,Jawa Tengah,"19,40,000","2,385",0,0,none,Asia,none,2019
518,Xiantao,China,Hubei,"14,97,000","2,538",0,0,none,Asia,none,2019
519,Bandar Lampung,Indonesia,Lampung,"8,79,651",169,1,0,none,Asia,none,2019
520,Samara,Russia,Samarskaya Oblast,"11,70,910",541,1,0,none,Asia,none,2019
521,Dujiangyan,China,Hunan,"6,10,000","1,208",0,0,none,Asia,none,2019
522,Ulsan,South Korea,Ulsan,"11,63,690","1,057",1,0,none,Asia,none,2019
523,Dingzhou,China,Hebei,"12,00,000","1,274",0,0,none,Asia,none,2019
524,Campinas,Brazil,Sao Paulo,"11,64,098",796,0,0,City of Swallows,South America,none,2019
525,Lianyuan,China,Hunan,"11,28,000","1,830",0,0,none,Asia,none,2019
526,Rongcheng,China,Hubei,"6,68,000","1,392",0,0,none,Asia,none,2019
527,Kaiyuan,China,Henan,"5,91,000","2,813",0,0,none,Asia,none,2019
528,Naypyidaw,Burma,Nay Pyi Taw,"97,409","7,054",0,1,none,Asia,none,2019
529,Dakar,Senegal,Dakar,"23,96,800",83,0,1,none,Africa,gama,2019
530,Zhuji,China,Zhejiang,"10,67,000","2,311",0,0,none,Asia,none,2019
531,Zapopan,Mexico,Jalisco,"13,32,272",893,0,0,none,North America,none,2019
532,Leiyang,China,Hunan,"12,75,000","2,656",0,0,none,Asia,none,2019
533,Dawukou,China,Sichuan,"1,31,880",103,0,0,none,Asia,none,2019
534,Quetta,Pakistan,Balochistan,"11,72,000","2,653",1,0,Fruit Garden of Pakistan,Asia,none,2019
535,Amritsar,India,Punjab,"11,32,383",139,0,0,none,Asia,none,2019
536,Callao,Peru,Callao,"9,94,000",147,1,0,none,South America,none,2019
537,Aligarh,India,Uttar Pradesh,"8,74,408","3,747",0,0,"Taala Nagari, Locks City of India",Asia,none,2019
538,Yingchuan,China,Henan,"22,90,000","8,875",0,0,none,Asia,none,2019
539,Tegucigalpa,Honduras,"Francisco Morazán
","11,57,509",202,0,1,"Tegus, Tepaz, Cerro de Plata, Silver Mountain",North America,gama,2019
540,Tripoli,Libya,Tripolitania,"11,26,000",400,0,1,Region of the Three Cities,Africa,none,2019
541,Rostov,Russia,Rostovskaya Oblast,"31,792",32,1,0,none,Asia,none,2019
542,Nezahualcoyotl,Mexico,State of Texoco,"10,39,867",63,0,0,none,North America,none,2019
543,Bhiwandi,India,Maharastra,"7,09,665",none,0,0,The Manchester of India,Asia,none,2019
544,Zhoushan,China,Zhejiang,"11,52,000","1,440",0,0,none,Asia,none,2019
545,Tbilisi,Georgia,Tbilisi,"11,18,035",350,0,1,none,Asia,gama+,2019
546,Ufa,Russia,Bashkortostan,"11,10,976",754,1,0,none,Asia,none,2019
547,Fez,Morocco,Fez-Meknes,"11,12,072",320,1,0,none,Africa,none,2019
548,Bien Hoa,Vietnam,Dong Nai,"4,07,208",264,1,0,none,Asia,none,2019
549,Mexicali,Mexico,Baja California,"6,89,775",114,1,0,The City who captured the sun,North America,none,2019
550,Gwalior,India,Madhya Pradesh,"10,69,276",780,0,0,none,Asia,none,2019
551,Ankang,China,Shaanxi,"30,35,700","23,391",0,0,none,Asia,none,2019
552,Ikare,Nigeria,Ondo,"1,82,766",none,0,0,none,Africa,none,2019
553,Hegang,China,Heilongjiang,"10,58,665","14,784",0,0,none,Asia,none,2019
554,Bhilai,India,Chattisgarh,"6,25,700",357,0,0,none,Asia,none,2019
555,Yuyao,China,Zhejiang,"8,32,000","1,337",0,0,none,Asia,none,2019
556,N'Djamena,Chad,none,"10,92,066",104,0,1,none,Africa,none,2019
557,Hanchuan,China,Hubei,"11,21,000",84.6,0,0,none,Asia,none,2019
558,Gongzhuling,China,Jilin,"10,88,000","4,027",0,0,none,Asia,none,2019
559,Irbid,Jordan,Irbid,"5,02,714",30,1,0,none,Asia,none,2019
560,Haora,India,West Bengal,"10,77,075",64,0,0,none,Asia,none,2019
561,Krasnoyarsk,Russia,Krasnoyarskiy Kray,"9,62,466",348,1,0,none,Asia,none,2019
562,Yicheng,China,Jiangsu,"5,64,000","2,115",0,0,none,Asia,none,2019
563,Meizhou,China,Shandong,"50,73,600","15,865",0,0,none,Asia,none,2019
564,Yerevan,Armenia,Yerevan,"10,60,138",227,0,1,none,Asia,none,2019
565,Ranchi,India,Jharkhand,"10,73,427",175,1,0,none,Asia,none,2019
566,Nur-Sultan,Kazakhstan,Astana,"10,00,000",722,0,1,none,Asia,none,2019
567,Nouakchott,Mauritania,none,"9,58,399","1,036",0,1,none,Africa,none,2019
568,Vereeniging,South Africa,Gauteng,"4,74,681",188,0,0,none,Africa,none,2019
569,Richmond,United States,Virginia,"2,30,436",162,1,0,none,North America,none,2019
570,SaoLouis,Brazil,Maranheo,"10,73,893",827,1,0,"Island of Love, Brazilian Athens",South America,none,2019
571,San Pedro Sula,Honduras,Cortes,"7,19,063",136,1,0,none,North America,none,2019
572,Taixing,China,Jiangsu,"11,97,000","1,172",0,0,none,Asia,none,2019
573,Memphis,United States,Tennessee,"6,51,073",839,0,0,"Barbecued Pork Capital of the World, Home of the Blues, Bluff City, Birthplace of Rock 'n Roll",North America,none,2019
574,Goyang,South Korea,Gyeonggi,"10,54,000",267,0,0,none,Asia,none,2019
575,Vijayawada,India,Andhra Pradesh,"8,74,587",62,0,0,none,Asia,none,2019
576,"Xishan District, Kunming",China,Hunan,none,791,0,0,none,Asia,none,2019
577,Barquisimeto,Venezuela,Lara,"19,95,770",276,1,0,"Capital Musical de Venezuela, Musical Capital of Venezuela",South America,none,2019
578,Sendai,Japan,Miyagi,"73,132",786,1,0,none,Asia,none,2019
579,Voronezh,Russia,Voronezhskaya Oblast,"10,32,382",601,1,0,none,Asia,none,2019
580,Perm,Russia,Permskiy Kray,"9,86,497",800,1,0,none,Asia,none,2019
581,Changwon,South Korea,Gyeongnam,"10,58,000",736,1,0,none,Asia,none,2019
582,Zhongwei,China,Ningxia,"11,66,500","16,986",0,0,none,Asia,none,2019
583,Shouguang,China,Shandong,"10,33,000","2,180",0,0,none,Asia,none,2019
584,Bogor,Indonesia,Jawa Barat,"10,30,720",119,0,0,"Kota Hujan, City of Rain",Asia,none,2019
585,Cartagena,Colombia,Bolivar,"10,36,412",558,1,0,"The Heroic City, The Door of the Americas, Capital of the Caribbean, The Mother City, The Walled City, The Key of the West Indies, The Fort of the Kingdom, Best Fortified City of the Americas",South America,none,2019
586,Chandigarh,India,Chandigarh,"9,61,587",114,1,0,The City Beautiful,Asia,none,2019
587,Bishkek,Kyrgyzstan,Bishkek,"9,37,400",127,0,1,none,Asia,none,2019
588,Matola,Mozambique,Maputo,"8,93,000",373,0,0,none,Africa,none,2019
589,Ogbomosho,Nigeria,Oyo,"8,61,257",none,0,0,none,Africa,none,2019
590,Ashgabat,Turkmenistan,Ahal,"10,31,992",440,0,1,"The City of Love, The City that Built Love",Asia,none,2019
591,Ezhou,China,Hubei,"10,48,668","1,504",0,0,none,Asia,none,2019
592,Maceio,Brazil,Alagoas,"10,13,773",511,1,0,The Paradise of Waters,South America,none,2019
593,Niamey,Niger,Niamey,"10,26,848",239,0,1,none,Africa,none,2019
594,Managua,Nicaragua,Managua,"10,42,641",544,0,1,The Ancient City,North America,gama,2019
595,Batam,Indonesia,Kepulauan Riau,1196396,"1,595",0,0,none,Asia,none,2019
596,Tekirdag,Turkey,Tekirdag,"2,04,000","1,112",1,0,none,Europe,none,2019
597,Linhai,China,Zhejiang,"11,55,000","2,171",0,0,none,Asia,none,2019
598,Shubra El Kheima,Egypt,Qalyubia,"10,99,354",28,0,0,none,Africa,none,2019
599,Monrovia,Liberia,Montserrado,"10,10,970",194,0,1,none,Africa,none,2019
600,Wafangdian,China,Liaoning,"10,26,000","3,794",0,0,none,Asia,none,2019
601,Zhongxiang,China,Hubei,"10,48,000","4,488",0,0,none,Asia,none,2019
602,Shymkent,Kazakhstan,none,"6,57,100",347,1,0,none,Asia,none,2019
603,Volgograd,Russia,Volgograd Oblast,"10,16,137",859,1,0,none,Asia,none,2019
604,"Port-au-Prince
",Haiti,Ouest,"9,87,310",36,0,1,none,North America,none,2019
605,Maisuru,India,Karnataka,"10,14,227",128,0,0,Cultural Capital of Karnataka,Asia,none,2019
606,Odesa,Ukraine,none,"10,16,515",237,1,0,none,Europe,none,2019
607,Kathmandu,Nepal,Bagamati,"14,42,271",51,0,1,"KTM, Tri-City",Asia,none,2019
608,Raipur,India,Chattisgarh,"10,10,433",226,1,0,Rice Bowl of India,Asia,none,2019
609,Nice,France,Provence-Alpes-Côte d'Azur,"3,42,522",72,0,0,none,Europe,none,2019
610,Arequipa,Peru,Arequipa,"10,00,351",63,1,0,"The White City, La Ciudad Blanca, The Rome of America",South America,none,2019
611,Port Harcourt,Nigeria,Rivers,"10,05,904",360,1,0,none,Africa,none,2019
612,Rotterdam,Netherlands,Zuid-Holland,"6,31,155",319,0,0,none,Europe,gama+,2019
613,Louisville,United States,Kentucky,"6,17,638","1,033",0,0,"Derby City, Falls City, Gateway to the South, River City, The Ville",North America,none,2019
614,Zaoyang,China,Hubei,"11,18,000","3,277",0,0,none,Asia,none,2019
615,Shuizhai,China,Henan,"81,600",none,0,0,none,Asia,none,2019
616,Kota,India,Rajasthan,"10,01,694",318,0,0,none,Asia,none,2019
617,Asmara,Eritrea,none,"8,04,000",45,0,1,none,Africa,none,2019
618,Freetown,Sierra Leone,Western Area,"10,55,964",357,0,1,none,Africa,none,2019
619,Jerusalem,Israel,Southern,"8,65,721",125,0,1,The Holy,Asia,none,2019
620,Panama,Panama,Province of panama,"8,80,691",275,0,1,none,North America,beta,2019
621,Lome,Togo,Maritime,"8,37,437",99,0,1,none,Africa,none,2019
622,Libreville,Gabon,Estuaire,"7,03,904",65,0,1,none,Africa,none,2019
623,Zagreb,Croatia,"Zagreb, Grad","7,92,875",641,0,1,none,Europe,beta-,2019
624,Dushanbe,Tajikistan,Dushanbe,"7,80,000",125,0,1,none,Asia,none,2019
625,Lilongwe,Malawi,Lilongwe,"6,74,448",728,0,1,none,Africa,none,2019
626,Cotonou,Benin,Littoral,"7,79,314",79,0,1,none,Africa,none,2019
627,Vientiane,Laos,Viangchan,"1,96,731","3,920",0,1,none,Asia,none,2019
628,Colombo,Sri Lanka,Western,"7,52,993",37,0,1,none,Asia,gama,2019
629,Kigali,Rwanda,Kigali,"7,45,261",730,0,1,none,Africa,none,2019
630,Pretoria,South Africa,Gauteng,"23,45,908","1,644",0,1,none,Africa,none,2019
631,Bangui,Central African Republic,Bangui,"7,34,350",67,0,1,none,Africa,none,2019
632,Winnipeg,Canada,Manitoba,"6,63,617",464,0,0,"Winterpeg, The 'peg, Slurpee Capital of Canada, Chicago of the North",North America,none,2019
633,Quebec City,Canada,Quebec,"5,31,902",484,0,0,none,North America,none,2019
634,Riga,Latvia,Latvia,"6,96,593",304,0,1,none,Europe,gama+,2019
635,Chisinau,Moldova,none,"4,92,894",122,0,1,none,Europe,none,2019
636,Bujumbura,Burundi,Bujumbura Mairie,"3,30,504",87,0,1,none,Africa,none,2019
637,Skopje,Macedonia,Skopje,"5,06,926",571,0,1,none,Europe,none,2019
638,Kingston,Jamaica,Kingston,"6,62,426",480,0,1,none,North America,none,2019
639,Vilnius,Lithuania,Vilniaus Miestas,"5,32,762",401,0,1,none,Europe,gama,2019
640,San Salvador,El Salvador,San Salvador,"5,67,698",72,0,1,none,North America,beta-,2019
641,Djibouti,Djibouti,Djibouti,"6,10,608",26,0,1,none,Africa,none,2019
642,Kitchener,Canada,Ontario,"2,19,153",137,0,0,none,North America,none,2019
643,Tallinn,Estonia,Harjumaa,"4,50,305",159,0,1,none,Europe,none,2019
644,Cape Town,South Africa,Western Cape,"37,40,026","2,461",0,1,"The Mother City, The Tavern of the Seas",Africa,beta,2019
645,Bratislava,Slovakia,none,"6,25,167",368,0,1,none,Europe,beta-,2019
646,Tirana,Albania,none,"4,21,286",42,0,1,none,Europe,gama,2019
647,Canberra,Australia,Australian Capital Territory,"3,51,868",814,0,1,The Bush Capital,Australia,none,2019
648,Wellington,New Zealand,Wellington,"2,02,200",290,0,1,none,Australia,gama,2019
649,Beirut,Lebanon,Beyrouth,"20,06,452",20,0,1,none,Asia,beta+,2019
650,Dodoma,Tanzania,Dodoma,"4,10,956","2,576",0,1,none,Africa,none,2019
651,Halifax,Canada,Nova Scotia,"2,97,943","5,490",0,0,none,North America,none,2019
652,Bissau,Guinea-Bissau,Bissau,"3,95,954",77,0,1,none,Africa,none,2019
653,Juba,South Sudan,Central Equatoria,"4,92,970",52,0,1,none,Africa,none,2019
654,Port Moresby,Papua New Guinea,National Capital,"4,10,954",240,0,1,none,Oceania,none,2019
655,Yamoussoukro,"Ivory Coast
",Yamoussoukro,"3,55,573","3,500",0,1,none,Africa,none,2019
656,Victoria,Canada,British Columbia,"80,017",20,0,0,"A Little Bit of England, The Garden City, City of Gardens",North America,none,2019
657,Maseru,Lesotho,Maseru,"2,27,880",138,0,1,none,Africa,none,2019
658,Nicosia,Cyprus,"Northern Cyprus
","3,30,000",111,0,1,none,Europe,beta-,2019
659,Windhoek,Namibia,Khomas,"3,25,858",645,0,1,none,Africa,none,2019
660,Porto Novo,Benin,Queme,"2,67,191",110,0,1,none,Africa,none,2019
661,Sucre,Bolivia,Chuquisaca,"3,00,000","1,768",0,1,none,South America,none,2019
662,Ljubljana,Slovenia,Ljubljana,"2,87,218",164,0,1,none,Europe,gama+,2019
663,Sarajevo,Bosnia And Herzegovina,"Bosnia and Herzegovina, Federation of","3,04,614",142,0,1,Jerusalem of Europe,Europe,none,2019
664,Nassau,Bahamas,New Providence,"2,74,400",207,0,1,none,North America,gama-,2019
665,Bloemfontein,South Africa,Free State,"2,56,185",334,0,1,none,Africa,none,2019
666,Gaborone,Botswana,Gaborone,"2,31,626",169,0,1,none,Africa,none,2019
667,Paramaribo,Suriname,Paramaribo,"2,40,924",182,0,1,none,South America,none,2019
668,Dili,Timor-Leste,Dili,"2,22,323",48,0,1,none,Asia,none,2019
669,Pristina,Kosovo,Pristina,"2,07,477",854,0,1,none,Europe,none,2019
670,Georgetown,Guyana,Demerara-Mahaica,"2,35,017",70,0,1,none,South America,none,2019
671,Malabo,Equatorial Guinea,Bioko Norte,"1,87,302",21,0,1,none,Africa,none,2019
672,Male,Maldives,Maale,"1,33,412",6,0,1,none,Asia,none,2019
673,Podgorica,Montenegro,Podgorica,"1,87,085","1,441",0,1,none,Europe,none,2019
674,Manama,Bahrain,none ,"1,57,474",30,0,1,none,Asia,beta,2019
675,Port Louis,Mauritius,Port Louis,"1,49,194",47,0,1,none,Africa,gama-,2019
676,New Delhi,India,Delhi,"2,49,998","1,484",0,1,none,Asia,alpha-,2019
677,Bern,Switzerland,Bern,"1,41,833",52,0,1,none,Europe,none,2019
678,Reykjavik,Iceland,none,"1,24,800",275,0,1,none,Europe,none,2019
679,Praia,Cabo Verde,Praia,"1,13,364",103,0,1,none,Africa,none,2019
680,Luxemburg,Luxembourg,Luxembourg,"1,11,287",51,0,1,none,Europe,none,2019
681,Kotte,Sri Lanka,Western,"1,15,826",17,0,1,none,Asia,none,2019
682,Bridgetown,Barbados,Saint Michael,"1,10,000",39,0,1,none,North America,none,2019
683,Moroni,Comoros,Grande Comore,"54,000",30,0,1,none,Africa,none,2019
684,Thimphu,Bhutan,Thimphu,"1,04,000",26,0,1,none,Asia,none,2019
685,Mbabane,Swaziland,Hhohho,"94,874",150,0,1,none,Africa,none,2019
686,Honiara,Solomon Islands,Honiara,"84,520",22,0,1,none,Australia,none,2019
687,Suva,Fiji,Rewa,"88,271","2,048",0,1,none,Australia,none,2019
688,Castries,Saint Lucia,Castries,"70,000",79,0,1,none,North America,none,2019
689,Sao Tome,Sao Tome And Principe,Sao Tome,"6,137",17,0,1,none,Africa,none,2019
690,Bandar Seri Begawan,Brunei,Brunei-Muara District,50000,100,0,1,none,Asia,none,2019
691,Monaco,Monaco,none,36371,2,0,1,none,Europe,none,2019
692,Gitega,Burundi,none,41944,22,0,1,none,Africa,none,2019
693,Port of Spain,Trinidad And Tobago,none,37074,12,0,1,none,North America,none,2019
694,Apia,Samoa,Tuamasaga,37708,60,0,1,none,Oceania,none,2019
695,Vaduz,Liechtenstein,none,36281,17,0,1,none,Europe,none,2019
696,Banjul,"Gambia, The",none,31356,12,0,1,none,Africa,none,2019
697,Tarawa,Kiribati,Gilbert Islands,28802,16,0,1,none,Oceania,none,2019
698,Victoria,Seychelles,none,26450,20,0,1,none,Africa,none,2019
699,Majuro,Marshall Islands,none,25400,10,0,1,none,Oceania,none,2019
700,Kingstown,Saint Vincent And The Grenadines,Saint George,25418,none,0,1,none,North America,none,2019
701,Nukuʻalofa,Tonga,Tongatapu,24571,11,0,1,none,Oceania,none,2019
702,St Johns,Antigua And Barbuda,Saint John Parish,21926,10,0,1,none,North America,none,2019
703,Andorra la Vella,Andorra,none,22151,30,0,1,none,Europe,none,2019
704,Belmopan,Belize,Cayo District,17222,33,0,1,none,North America,none,2019
705,Roseau,Dominica,Saint George Parish,16582,none,0,1,none,North America,none,2019
706,Basseterre,Saint Kitts And Nevis,Saint George Basseterre Parish,13220,6,0,1,none,North America,none,2019
707,Pago Pago,American Samoa,none,12576,10,0,1,none,Oceania,none,2019
708,Valletta,Malta,none,6444,1,0,1,none,Europe,none,2019
709,Palikir,"Micronesia, Federated States Of",Pohnpei State,6227,none,0,1,none,Oceania,none,2019
710,Funafuti,Tuvalu,none,6025,2,0,1,none,Oceania,none,2019
711,Lobamba,Swaziland,Hhohho Region,5800,none,0,1,none,Africa,none,2019
712,St Georges,Grenada,none,4315,52,0,1,none,North America,none,2019
713,San Marino,San Marino,none,4040,61,0,1,none,Europe,none,2019
714,Al Quds,West Bank,Jerusalem District,874000,125,0,1,none,Asia,none,2019
715,Capitol Hill,Northern Mariana Islands,none,2500,4,0,1,none,North America,none,2019
716,Hagatna,Guam,none,1051,2,0,1,none,Oceania,none,2019
717,Ngerulmud,Palau,Melekeok,none,28,0,1,none,Oceania,none,2019
718,Bareilly,India,Uttar Pradesh,1000000,106,0,0,none,Asia,none,2019
719,Quang Ngai,Vietnam,Quang Ngai,1000000,495,0,0,none,Asia,none,2019
720,Kitaku,Japan,Hyogo Prefecture,997536,none,0,0,none,Asia,none,2019
721,Jodhpur,India,Rajasthan,995000,234,0,0,none,Asia,none,2019
722,Xingcheng,China,Liaoning,993000,"2,113",0,0,none,Asia,none,2019
723,Dongtai,China,Jiangsu,990306,"3,176",0,0,none,Asia,none,2019
724,Joinvile,Brazil,Santa Catarina,988000,"1,131",0,0,none,South America,none,2019
725,Yingcheng,China,Hubei,986400,"1,078",0,0,none,Asia,none,2019
726,Dnipro,Ukraine,Dnipropetrovsk Oblast,983836,405,1,0,none,Europe,none,2019
727,Glasgow,United Kingdom,Scotland,985290,176,0,0,none,South America,gama,2019
728,Chiba,Japan,Chiba Prefecture,980203,272,1,0,none,Asia,none,2019
729,Danyang,China,Jiangsu,980662,"1,047",0,0,none,Asia,none,2019
730,Natal,Brazil,Rio Grande do Norte,980588,170,0,0,none,South America,none,2019
731,Naples,Italy,Campania,972212,117,1,0,none,Europe,none,2019
732,Zhaodong,China,Heilongjiang,980000,"4,330",0,0,none,Asia,none,2019
733,Kirkuk,Iraq,Kirkuk Governorate,975000,none,1,0,none,Asia,none,2019
734,Tongjin,"Korea, South",Sichuan,971327,863,0,0,none,Asia,none,2019
735,Oklahoma City,United States,Oklahoma,972943,"1,609",1,0,none,North America,none,2019
736,Toulouse,France,Occitanie,968638,118,1,0,none,Europe,none,2019
737,Denizli,Turkey,Denizli,963464,none,1,0,none,Europe,none,2019
738,Dispur,India,Assam,957352,none,1,0,none,Asia,none,2019
739,Coimbatore,India,Tamil Nadu,959823,247,0,0,none,Asia,none,2019
740,Luocheng,China,Guangxi,959006,"2,658",0,0,none,Asia,none,2019
741,Guwahati,India,Assam,957352,216,0,0,none,Asia,none,2019
742,Sangam,"Korea, South",Gyeonggi,948757,142,0,0,none,Asia,none,2019
743,Solapur,India,Maharashtra,951558,149,0,0,none,Asia,none,2019
744,Tangier,Morocco,Tangier-Tetouan,947952,116,1,0,none,Europe,none,2019
745,Anqiu,China,Shandong,947723,"1,928",0,0,none,Asia,none,2019
746,Feicheng,China,Shandong,946627,"1,277",0,0,none,Asia,none,2019
747,Taishan,China,Guangdong,941095,"3,286",0,0,none,Asia,none,2019
748,Meishan,China,Sichuan,936000,"7,174",0,0,none,Asia,none,2019
749,Kisangani,Congo (Kinshasa),Tshopo District,935977,"1,910",1,0,none,Africa,none,2019
750,Khartoum North,Sudan,Khartoum,936349,none,0,0,none,Africa,none,2019
751,Aguascalientes,Mexico,none,934424,"5,616",1,0,none,North America,none,2019
752,Marrakech,Morocco,Marrakesh-Tensift-El Haouz,928850,none,1,0,none,Europe,none,2019
753,Nada,China,Hainan,932356,194,0,0,none,Asia,none,2019
754,Donetsk,Ukraine,Donetsk Oblast,929063,358,1,0,none,Europe,none,2019
755,Wuchuan,China,Guangdong,927275,848,0,0,none,Asia,none,2019
756,Trujillo,Peru,La Libertad Region,919899,"1,769",1,0,none,South America,none,2019
757,Cebu City,Philippines,Cebu,922611,315,1,0,none,Asia,none,2019
758,Olinda,Brazil,Pernambuco,921840,44,0,0,none,South America,none,2019
759,Bridgeport,United States,Connecticut,924449,50,0,0,none,North America,none,2019
760,Trichinopoly,India,Tamil Nadu,916857,167,0,0,none,Asia,none,2019
761,Padang,Indonesia,West Sumatra,914970,695,1,0,none,Asia,none,2019
762,Qingzhou,China,Shandong,914047,"1,569",0,0,none,Asia,none,2019
763,Buffalo,United States,New York,914341,136,0,0,none,North America,none,2019
764,Xinyi,China,Jiangsu,913708,"1,571",0,0,none,Asia,none,2019
765,Lichuan,China,Hubei,913700,"4,603",0,0,none,Asia,none,2019
766,Daye,China,Hubei,909724,"1,460",0,0,none,Asia,none,2019
767,Fort Worth,United States,Texas,909585,904,0,0,none,North America,none,2019
768,Zhuanghe,China,Liaoning,905852,"3,656",0,0,none,Asia,none,2019
769,Hartford,United States,Connecticut,905152,45,0,0,none,North America,none,2019
770,Ad dammam,Saudi Arabia,none,903312,800,1,0,none,Asia,none,2019
771,Bucheon,"Korea, South",Gyeonggi,867678,53,0,0,none,Asia,none,2019
772,Lhasa,China,Tibet,902500,"29,274",1,0,none,Asia,none,2019
773,Homs,Syria,Homs Governorate,900492,48,1,0,none,Asia,none,2019
774,Jiaozhou,China,Shandong,900500,"1,324",0,0,none,Asia,none,2019
775,Merida,Mexico,Yucatan,892363,none,1,0,none,North America,none,2019
776,Dengtalu,China,Issyk-Kul Region,887000,none,0,0,none,Asia,none,2019
777,Zaria,Nigeria,Kaduna State,889000,300,0,0,none,Africa,none,2019
778,Hubli,India,Karnataka,890000,200,0,0,none,Asia,none,2019
779,Abeokuta,Nigeria,Ogun State,888924,879,1,0,none,Africa,none,2019
780,Tucson,United States,Arizona,888486,588,0,0,none,North America,none,2019
781,Krasnodar,Russia,Krasnodar Krai,881476,none,1,0,none,Europe,none,2019
782,Novo Hamburgo,Brazil,Rio Grande do Sul,876990,224,0,0,none,South America,none,2019
783,Chihuahua,Mexico,none,878062,"2,47,460",1,0,none,North America,none,2019
784,Klang,Malaysia,Selangor,878000,573,0,0,none,Asia,none,2019
785,Turin,Italy,Piedmont,870952,130,1,0,none,Europe,gama,2019
786,Jos,Nigeria,Plateau State,873943,none,1,0,none,Africa,none,2019
787,Laiyang,China,Shandong,874127,"1,732",0,0,none,Asia,none,2019
788,Jalandhar,India,Punjab,873725,110,0,0,none,Asia,none,2019
789,Campo Grande,Brazil,Mato Grosso do Sul,874210,"8,096",1,0,none,South America,none,2019
790,Sale,Morocco,Piedmont,850403,45,0,0,none,Europe,none,2019
791,Barinas,Venezuela,none,873962,"35,200",1,0,none,South America,none,2019
792,Marseille,France,Alpes-Cote d'Azur,870018,241,1,0,none,Europe,none,2019
793,Eskisehir,Turkey,Eskisehir Province,871187,"2,678",1,0,none,Europe,none,2019
794,Gaomi,China,Shandong,868715,"1,606",0,0,none,Asia,none,2019
795,Ipoh,Malaysia,Perak,866772,643,1,0,none,Asia,none,2019
796,Liverpool,United Kingdom,England,864122,112,0,0,none,South America,none,2019
797,Zamboanga City,Philippines,Zamboanga del Sur,861799,"1,483",1,0,none,Asia,none,2019
798,Oran,Algeria,Oran,852000,"2,121",1,0,none,Africa,none,2019
799,Southampton,United Kingdom,England,855569,52,0,0,none,South America,none,2019
800,Weichanglu,China,Hebei,859424,"9,058",0,0,none,Asia,none,2019
801,Pekanbaru,Indonesia,Riau,855221,632,1,0,none,Asia,none,2019
802,Portsmouth,United Kingdom,England,855679,40,0,0,none,South America,none,2019
803,Leping,China,Jiangxi,852800,"1,973",0,0,none,Asia,none,2019
804,Erbil,Iraq,Arbil governorate,852500,115,1,0,none,Asia,none,2019
805,Kermanshah,Iran,none,851405,"24,998",1,0,none,Asia,none,2019
806,Hailun,China,Heilongjiang,850000,"4,667",0,0,none,Asia,none,2019
807,Yangchun,China,Guangdong,849504,"4,055",0,0,none,Asia,none,2019
808,Macheng,China,Hubei,849090,"3,600",0,0,none,Asia,none,2019
809,Ilorin,Nigeria,Kwara State,847582,765,1,0,none,Africa,none,2019
810,Teresina,Brazil,Piaui­,847430,"1,167",1,0,none,South America,none,2019
811,Omaha,United States,Nebraska,847819,374,0,0,none,North America,none,2019
812,Yuci,China,Shanxi,840000,"1,327",0,0,none,Asia,none,2019
813,Saratov,Russia,Saratov Oblast,845300,none,1,0,none,Europe,none,2019
814,Iguacu,Brazil,Parana,844583,618,0,0,none,South America,none,2019
815,El Paso,United States,Texas,843386,664,0,0,none,North America,none,2019
816,Denpasar,Indonesia,Bali,834881,124,1,0,none,Asia,none,2019
817,Dehui,China,Jilin,839786,"3,439",0,0,none,Asia,none,2019
818,Naucalpan de Juarez,Mexico,Mexico City,833779,184,0,0,none,North America,none,2019
819,Bhubaneshwar,India,Odisha,837737,419,1,0,none,Asia,none,2019
820,Tongchuan,China,Shaanxi,835600,"3,882",0,0,none,Asia,none,2019
821,Cheongju,"Korea, South",North Chungcheong,833276,153,1,0,none,Asia,none,2019
822,Warri,Nigeria,Delta State,830106,none,0,0,none,Africa,none,2019
823,Pointe-Noire,Congo (Brazzaville),none,829134,"1,144",1,0,none,Africa,none,2019
824,San Luis Potosi­,Mexico,none,824229,"61,137",1,0,none,North America,none,2019
825,Butterworth,Malaysia,Penang,821652,none,0,0,none,Asia,none,2019
826,Bhayandar,India,Maharashtra,814655,79,0,0,none,Asia,none,2019
827,Renqiu,China,Hebei,822455,"1,023",0,0,none,Asia,none,2019
828,Toluca,Mexico,Mexico State,819561,452,1,0,none,North America,none,2019
829,Honolulu,United States,Hawaii,820987,177,1,0,none,North America,none,2019
830,Queretaro,Mexico,Queretaro,804663,760,1,0,none,North America,none,2019
831,Xindi,China,Hebei,819446,none,0,0,none,Asia,none,2019
832,Wu'an,China,Hebei,819000,"1,806",0,0,none,Asia,none,2019
833,Sao Bernardo do Campo,Brazil,Sao Paulo,816925,410,0,0,none,South America,none,2019
834,Hermosillo,Mexico,Sonora,812229,168,1,0,none,North America,none,2019
835,Taguig City,Philippines,Metro Manila,804915,45,1,0,none,Asia,none,2019
836,Saltillo,Mexico,Coahuila,807537,none,1,0,none,North America,none,2019
837,Gaoyou,China,Jiangsu,811800,"1,963",0,0,none,Asia,none,2019
838,Hejian,China,Hebei,810306,"1,333",0,0,none,Asia,none,2019
839,Yiyang,China,Hunan,810447,"12,144",0,0,none,Asia,none,2019
840,Puxi,China,Yunnan,809535,"15,285",0,0,none,Asia,none,2019
841,Trabzon,Turkey,Trabzon,807903,"4,685",1,0,none,Europe,none,2019
842,Joao Pessoa,Brazil,Rio Grande do Norte,801718,none,1,0,none,South America,none,2019
843,Dongyang,China,Zhejiang,804398,"1,739",0,0,none,Asia,none,2019
844,McAllen,United States,Texas,804114,120,0,0,none,North America,none,2019
845,Valencia,Spain,Valencian Community,794288,135,1,0,none,Europe,none,2019
846,Niigata,Japan,Niigata Prefecture,796500,726,1,0,none,Asia,none,2019
847,Hamamatsu,Japan,Shizuoka Prefecture,791770,"1,558",0,0,none,Asia,none,2019
848,Morelia,Mexico,Michoacan,784776,none,0,0,none,North America,none,2019
849,Pasig City,Philippines,Metro Manila,755300,48,1,0,none,Asia,none,2019
850,Moradabad,India,Uttar Pradesh,787000,"3,493",0,0,none,Asia,none,2019
851,Culiacan,Mexico,Sinaloa,785800,65,1,0,none,North America,none,2019
852,Xiangxiang,China,Hunan,787216,"1,967",0,0,none,Asia,none,2019
853,Malang,Indonesia,East Java,780000,252,0,0,none,Asia,none,2019
854,Xingyi,China,Guizhou,783120,"2,911",0,0,none,Asia,none,2019
855,Fuyang,China,Anhui,771000,"13,300",0,0,none,Asia,none,2019
856,Antipolo,Philippines,Rizal,776386,306,1,0,none,Asia,none,2019
857,Nottingham,United Kingdom,England,768638,75,0,0,none,South America,none,2019
858,Cencheng,China,Guangxi,772113,"2,783",0,0,none,Asia,none,2019
859,Krakow,Poland,Lesser Poland Voivodeship,766739,"1,230",1,0,none,Europe,none,2019
860,Hempstead,United States,New York,768057,495,0,0,none,North America,none,2019
861,Erzurum,Turkey,Erzurum,767848,none,1,0,none,Europe,none,2019
862,Al Ain,United Arab Emirates,Abu Dhabi,766936,"13,100",0,0,none,Asia,none,2019
863,Songzi,China,Hubei,765911,"2,177",0,0,none,Asia,none,2019
864,Laixi,China,Shandong,762900,"1,522",0,0,none,Asia,none,2019
865,Zhongba,China,Tibet,762140,"43,594",0,0,none,Asia,none,2019
866,Albuquerque,United States,New Mexico,761195,491,0,0,none,North America,none,2019
867,Kaduna,Nigeria,Kaduna State,760084,"3,080",1,0,none,Africa,none,2019
868,Tlalnepantla,Mexico,Mexico State,750224,83,0,0,none,North America,none,2019
869,Guangshui,China,Hubei,755910,"2,646",0,0,none,Asia,none,2019
870,Frankfurt,Germany,Hesse,753056,248,0,0,none,Europe,alpha,2019
871,Samarinda,Indonesia,East Kalimantan,753370,718,1,0,none,Asia,none,2019
872,Changhua,Taiwan,Changhua County,750000,66,1,0,none,Asia,none,2019
873,Pietermaritzburg,South Africa,KwaZulu-Natal,750845,649,1,0,none,Africa,none,2019